{"cameraMode":{"drawMode":0,"name":"Shaded","section":"Shading Mode"},"sceneLighting":false,"audioPlay":false,"sceneViewState":{"m_AlwaysRefresh":false,"showFog":true,"showSkybox":false,"showFlares":true,"showImageEffects":true,"showParticleSystems":true,"showVisualEffectGraphs":true,"m_FxEnabled":true},"in2DMode":false,"pivot":{"x":-31.060848236083986,"y":83.668701171875,"z":-2.02374267578125},"rotation":{"x":0.036301374435424808,"y":0.0059917401522397999,"z":-0.00021817679225932807,"w":0.9993329048156738},"size":649.4494018554688,"orthographic":false}